Freddy,Satterfield,chloe@ziemann.info,530.221.2785
Vincenzo,Bogisich,laurence_yost@conroy.name,959-541-4358 x47118
Crawford,Fritsch,tatum_bashirian@jerde.com,1-819-046-3742
Murphy,Schimmel,kody.dicki@jakubowskiklein.biz,333-348-0954 x432
Jaylon,Moen,chauncey_kling@balistreri.name,1-854-000-8843 x20182
Nathanael,Volkman,cade@mosciski.info,939.889.2272 x54945
Janiya,Hayes,hank@herzogcronin.net,(765) 955-3334 x825
Loy,Russel,wilmer.hirthe@stroman.biz,293.870.3437 x91556
Miles,Bechtelar,devan@lesch.info,(816) 995-2156
Ezekiel,Larson,birdie@steuberpouros.name,398-632-8241
Perla,Beer,stephen_legros@leschgibson.io,1-145-456-1618
Domingo,Moen,abraham@swiftrosenbaum.org,(906) 529-2297 x6994
Jarret,Romaguera,janice_mosciski@townemayer.biz,1-274-128-1394 x233
Ivy,Doyle,brisa@ondrickakirlin.info,762.603.3772 x2730
Katrine,Champlin,heaven.lowe@stiedemannbauch.org,656.081.9379 x072
Althea,VonRueden,ian@vandervort.io,(335) 826-6651
Johann,Rath,terrell.moore@beer.info,805.734.2455 x20872
Letitia,Homenick,will@pacochadaugherty.org,993.755.6744 x610
Terrance,Schamberger,asa_ruel@frami.net,349-857-6548
Cleta,Jast,madisyn@grady.net,475-474-3388 x5171
