Cassie,Satterfield,chloe@ziemann.info,530.221.2785
Vincenzo,Bogisich,laurence_yost@conroy.name,959-541-4358 x47118
Crawford,Fritsch,tatum_bashirian@jerde.com,1-819-046-3742
Murphy,Schimmel,kody.dicki@jakubowskiklein.biz,333-348-0954 x432
Jaylon,Moen,chauncey_kling@balistreri.name,1-854-000-8843 x20182
Nathanael,Volkman,cade@mosciski.info,939.889.2272 x54945
Janiya,Hayes,hank@herzogcronin.net,(765) 955-3334 x825
Loy,Russel,wilmer.hirthe@stroman.biz,293.870.3437 x91556
Miles,Bechtelar,devan@lesch.info,(816) 995-2156
Ezekiel,Larson,birdie@steuberpouros.name,398-632-8241
